<?xml version="1.0" ?>

<container xmlns="http://symfony.com/schema/dic/services"
    xmlns:xsi="http://www.w3.org/2001/XMLSchema-instance"
    xsi:schemaLocation="http://symfony.com/schema/dic/services http://symfony.com/schema/dic/services/services-1.0.xsd">

    <services>
        <service id="annotations.reader" class="Doctrine\Common\Annotations\AnnotationReader" public="false">
            <autowiring-type>Doctrine\Common\Annotations\Reader</autowiring-type>
        </service>

        <service id="annotations.cached_reader" class="Doctrine\Common\Annotations\CachedReader" public="false">
            <argument type="service" id="annotations.reader" />
            <argument /><!-- Cache Implementation -->
            <argument /><!-- Debug-Flag -->
        </service>

        <service id="annotations.filesystem_cache" class="Doctrine\Common\Cache\FilesystemCache" public="false">
            <argument /><!-- Cache-Directory -->
        </service>

        <service id="annotation_reader" alias="annotations.reader" />
    </services>
</container>
