<?xml version="1.0" ?>

<container xmlns="http://symfony.com/schema/dic/services"
    xmlns:xsi="http://www.w3.org/2001/XMLSchema-instance"
    xsi:schemaLocation="http://symfony.com/schema/dic/services http://symfony.com/schema/dic/services/services-1.0.xsd">

    <services>
        <!-- ResolvedFormTypeFactory -->
        <service id="form.resolved_type_factory" class="Symfony\Component\Form\ResolvedFormTypeFactory" />

        <!-- FormRegistry -->
        <service id="form.registry" class="Symfony\Component\Form\FormRegistry">
            <argument type="collection">
                <!--
                We don't need to be able to add more extensions.
                 * more types can be registered with the form.type tag
                 * more type extensions can be registered with the form.type_extension tag
                 * more type_guessers can be registered with the form.type_guesser tag
                -->
                <argument type="service" id="form.extension" />
            </argument>
            <argument type="service" id="form.resolved_type_factory" />
        </service>

        <!-- FormFactory -->
        <service id="form.factory" class="Symfony\Component\Form\FormFactory">
            <argument type="service" id="form.registry" />
            <argument type="service" id="form.resolved_type_factory" />
        </service>

        <!-- DependencyInjectionExtension -->
        <service id="form.extension" class="Symfony\Component\Form\Extension\DependencyInjection\DependencyInjectionExtension" public="false">
            <argument type="service" id="service_container" />
            <!-- All services with tag "form.type" are inserted here by FormPass -->
            <argument type="collection" />
            <!-- All services with tag "form.type_extension" are inserted here by FormPass -->
            <argument type="collection" />
            <!-- All services with tag "form.type_guesser" are inserted here by FormPass -->
            <argument type="collection" />
        </service>

        <!-- ValidatorTypeGuesser -->
        <service id="form.type_guesser.validator" class="Symfony\Component\Form\Extension\Validator\ValidatorTypeGuesser">
            <tag name="form.type_guesser" />
            <argument type="service" id="validator.mapping.class_metadata_factory" />
        </service>

        <!-- CoreExtension -->
        <service id="form.property_accessor" alias="property_accessor" public="false" />

        <service id="form.choice_list_factory.default" class="Symfony\Component\Form\ChoiceList\Factory\DefaultChoiceListFactory" public="false"/>

        <service id="form.choice_list_factory.property_access" class="Symfony\Component\Form\ChoiceList\Factory\PropertyAccessDecorator" public="false">
            <argument type="service" id="form.choice_list_factory.default"/>
            <argument type="service" id="form.property_accessor"/>
        </service>

        <service id="form.choice_list_factory.cached" class="Symfony\Component\Form\ChoiceList\Factory\CachingFactoryDecorator" public="false">
            <argument type="service" id="form.choice_list_factory.property_access"/>
        </service>

        <service id="form.choice_list_factory" alias="form.choice_list_factory.cached" public="false"/>

        <service id="form.type.form" class="Symfony\Component\Form\Extension\Core\Type\FormType">
            <argument type="service" id="form.property_accessor" />
            <tag name="form.type" />
        </service>
        <service id="form.type.birthday" class="Symfony\Component\Form\Extension\Core\Type\BirthdayType">
            <tag name="form.type" />
        </service>
        <service id="form.type.checkbox" class="Symfony\Component\Form\Extension\Core\Type\CheckboxType">
            <tag name="form.type" />
        </service>
        <service id="form.type.choice" class="Symfony\Component\Form\Extension\Core\Type\ChoiceType">
            <tag name="form.type" />
            <argument type="service" id="form.choice_list_factory"/>
        </service>
        <service id="form.type.collection" class="Symfony\Component\Form\Extension\Core\Type\CollectionType">
            <tag name="form.type" />
        </service>
        <service id="form.type.country" class="Symfony\Component\Form\Extension\Core\Type\CountryType">
            <tag name="form.type" />
        </service>
        <service id="form.type.date" class="Symfony\Component\Form\Extension\Core\Type\DateType">
            <tag name="form.type" />
        </service>
        <service id="form.type.datetime" class="Symfony\Component\Form\Extension\Core\Type\DateTimeType">
            <tag name="form.type" />
        </service>
        <service id="form.type.email" class="Symfony\Component\Form\Extension\Core\Type\EmailType">
            <tag name="form.type" />
        </service>
        <service id="form.type.file" class="Symfony\Component\Form\Extension\Core\Type\FileType">
            <tag name="form.type" />
        </service>
        <service id="form.type.hidden" class="Symfony\Component\Form\Extension\Core\Type\HiddenType">
            <tag name="form.type" />
        </service>
        <service id="form.type.integer" class="Symfony\Component\Form\Extension\Core\Type\IntegerType">
            <tag name="form.type" />
        </service>
        <service id="form.type.language" class="Symfony\Component\Form\Extension\Core\Type\LanguageType">
            <tag name="form.type" />
        </service>
        <service id="form.type.locale" class="Symfony\Component\Form\Extension\Core\Type\LocaleType">
            <tag name="form.type" />
        </service>
        <service id="form.type.money" class="Symfony\Component\Form\Extension\Core\Type\MoneyType">
            <tag name="form.type" />
        </service>
        <service id="form.type.number" class="Symfony\Component\Form\Extension\Core\Type\NumberType">
            <tag name="form.type" />
        </service>
        <service id="form.type.password" class="Symfony\Component\Form\Extension\Core\Type\PasswordType">
            <tag name="form.type" />
        </service>
        <service id="form.type.percent" class="Symfony\Component\Form\Extension\Core\Type\PercentType">
            <tag name="form.type" />
        </service>
        <service id="form.type.radio" class="Symfony\Component\Form\Extension\Core\Type\RadioType">
            <tag name="form.type" />
        </service>
        <service id="form.type.range" class="Symfony\Component\Form\Extension\Core\Type\RangeType">
            <tag name="form.type" />
        </service>
        <service id="form.type.repeated" class="Symfony\Component\Form\Extension\Core\Type\RepeatedType">
            <tag name="form.type" />
        </service>
        <service id="form.type.search" class="Symfony\Component\Form\Extension\Core\Type\SearchType">
            <tag name="form.type" />
        </service>
        <service id="form.type.textarea" class="Symfony\Component\Form\Extension\Core\Type\TextareaType">
            <tag name="form.type" />
        </service>
        <service id="form.type.text" class="Symfony\Component\Form\Extension\Core\Type\TextType">
            <tag name="form.type" />
        </service>
        <service id="form.type.time" class="Symfony\Component\Form\Extension\Core\Type\TimeType">
            <tag name="form.type" />
        </service>
        <service id="form.type.timezone" class="Symfony\Component\Form\Extension\Core\Type\TimezoneType">
            <tag name="form.type" />
        </service>
        <service id="form.type.url" class="Symfony\Component\Form\Extension\Core\Type\UrlType">
            <tag name="form.type" />
        </service>
        <service id="form.type.button" class="Symfony\Component\Form\Extension\Core\Type\ButtonType">
            <tag name="form.type" />
        </service>
        <service id="form.type.submit" class="Symfony\Component\Form\Extension\Core\Type\SubmitType">
            <tag name="form.type" />
        </service>
        <service id="form.type.reset" class="Symfony\Component\Form\Extension\Core\Type\ResetType">
            <tag name="form.type" />
        </service>
        <service id="form.type.currency" class="Symfony\Component\Form\Extension\Core\Type\CurrencyType">
            <tag name="form.type" />
        </service>

        <!-- FormTypeHttpFoundationExtension -->
        <service id="form.type_extension.form.http_foundation" class="Symfony\Component\Form\Extension\HttpFoundation\Type\FormTypeHttpFoundationExtension">
            <argument type="service" id="form.type_extension.form.request_handler" />
            <tag name="form.type_extension" extended-type="Symfony\Component\Form\Extension\Core\Type\FormType" />
        </service>

        <!-- HttpFoundationRequestHandler -->
        <service id="form.type_extension.form.request_handler" class="Symfony\Component\Form\Extension\HttpFoundation\HttpFoundationRequestHandler" public="false">
            <argument type="service" id="form.server_params" />
        </service>

        <service id="form.server_params" class="Symfony\Component\Form\Util\ServerParams" public="false">
            <argument type="service" id="request_stack" />
        </service>

        <!-- FormTypeValidatorExtension -->
        <service id="form.type_extension.form.validator" class="Symfony\Component\Form\Extension\Validator\Type\FormTypeValidatorExtension">
            <tag name="form.type_extension" extended-type="Symfony\Component\Form\Extension\Core\Type\FormType" />
            <argument type="service" id="validator" />
        </service>
        <service id="form.type_extension.repeated.validator" class="Symfony\Component\Form\Extension\Validator\Type\RepeatedTypeValidatorExtension">
            <tag name="form.type_extension" extended-type="Symfony\Component\Form\Extension\Core\Type\RepeatedType" />
        </service>
        <service id="form.type_extension.submit.validator" class="Symfony\Component\Form\Extension\Validator\Type\SubmitTypeValidatorExtension">
            <tag name="form.type_extension" extended-type="Symfony\Component\Form\Extension\Core\Type\SubmitType" />
        </service>
    </services>
</container>
